SF/C,FA/C,W/B,S/B,SP/B,V_f,I_f,Fiber Type,UTX(MPa),G(KJm3),MiniSF(cm),UTX Uncertainty,G Uncertainty,MiniSF Uncertainty,TOPSIS Score,TOPSIS Rank
0.0,0.27118408200778665,0.2501555883903252,0.37757975916070763,0.0010831783274272019,1.9954244666132817,0.247431979,PVA,6.524997711181641,11.94423770904541,16.392717361450195,0.7268010973930359,7.267852306365967,8.294973373413086,0.5103187216209244,1
0.0,4.064240501772865,0.39940143726396543,0.36246584217087413,0.0198355324750865,0.004173701428065946,0.247431979,PVA,2.3485355377197266,6.649023056030273,51.2965202331543,0.19217847287654877,1.6039804220199585,5.425973892211914,0.5076262020491695,2
0.0,0.25005437747818593,0.2500018682727272,0.3949089936081759,0.007190498372069747,1.9970699453013492,0.247431979,PVA,7.771201133728027,10.405550956726074,14.724871635437012,0.9311790466308594,5.7839555740356445,7.423598766326904,0.4997508968924329,3
0.0,4.332702293930392,0.3995600928923679,0.37954786918019506,0.019608714774727747,0.2284034447722657,0.247431979,PVA,2.4149587154388428,6.741791725158691,48.792640686035156,0.1695401966571808,1.72242271900177,5.842049598693848,0.4984862896777928,4
0.0,0.25349178337169964,0.2500060303877991,0.3949089936081759,0.006864305712929188,1.9822143452818486,0.247431979,PVA,7.743927478790283,10.5173921585083,14.702592849731445,0.8933987021446228,5.8685221672058105,7.175738334655762,0.4954135984577479,5
0.0,3.976830923367964,0.3994023720469743,0.5941236598815751,0.018719994461805025,0.008084659631913897,0.247431979,PVA,2.511962413787842,6.73032283782959,48.63938522338867,0.16640368103981018,2.17769718170166,4.822922706604004,0.49499731579627976,6
0.0,0.2712662748033383,0.2501664465426425,0.40995286166937894,0.00716395756277261,1.900311213727308,0.247431979,PVA,7.719461917877197,10.072473526000977,14.311982154846191,1.0098403692245483,5.3061676025390625,7.057012557983398,0.4942466788680893,7
0.0,1.5391790413649795,0.2500227834530619,0.4698876097252804,0.006686252137994593,1.9961232706337257,0.247431979,PVA,6.30673885345459,14.71688175201416,19.475008010864258,0.6713260412216187,5.877368450164795,2.6354928016662598,0.49368335731569274,8
0.0,1.5391790413649795,0.25018958388714435,0.4698876097252804,0.006686252137994593,1.9961232706337257,0.247431979,PVA,6.305221080780029,14.695948600769043,19.498353958129883,0.7064417600631714,5.498860836029053,2.5456032752990723,0.49332340237894506,9
0.0,0.2820321909047795,0.2500186547569928,0.46877404020124014,0.008616212688295197,1.9724625540619114,0.247431979,PVA,7.684272289276123,9.705577850341797,13.830547332763672,1.0913870334625244,5.489482402801514,6.566351890563965,0.4928689454412965,10
0.0,1.7341982966849476,0.25020919502902117,0.48935326569642934,0.005849084544137212,1.998401575027279,0.247431979,PVA,5.918813705444336,16.399873733520508,18.715749740600586,0.6024149060249329,5.851181507110596,2.1218106746673584,0.49052125485503884,11
0.0,0.2560621041588058,0.2502091053971692,0.3970636433569862,0.005849084544137212,1.9994524720648204,0.247431979,PVA,7.675419807434082,10.737067222595215,14.81134033203125,0.7849379777908325,6.0976057052612305,7.387135028839111,0.4900960695060767,12
0.0,1.4616177606634806,0.2506540435359646,0.4698876097252804,0.006686252137994593,1.9961232706337257,0.247431979,PVA,6.4385905265808105,13.709708213806152,19.97796630859375,0.6286787390708923,6.025766372680664,3.2868926525115967,0.4899582795939766,13
0.0,1.7365392531834234,0.25018958388714435,0.4698876097252804,0.006686252137994593,1.9961232706337257,0.247431979,PVA,5.954197883605957,15.103802680969238,18.85826873779297,0.712104082107544,5.762389183044434,2.176661252975464,0.4888633854164831,14
0.0,0.36206658089066246,0.25015384841501476,0.4108122969916356,0.0011483278137690031,1.9458011855763242,0.247431979,PVA,6.459445476531982,11.61115837097168,16.296520233154297,0.5546261072158813,7.594338893890381,8.175976753234863,0.48854474419886934,15
0.0,0.2670613683096057,0.2536641894286399,0.3949089936081759,0.007529190073751853,1.9971490197127928,0.247431979,PVA,7.606475353240967,9.688172340393066,14.872810363769531,0.9243711829185486,5.273577690124512,7.350434303283691,0.48605781656000463,16
0.0,1.720641681992371,0.2500064616032378,0.36953584314450516,0.005395961183792838,1.967610955814648,0.247431979,PVA,6.053415298461914,15.327066421508789,19.144651412963867,0.6335107088088989,5.178380489349365,2.2912521362304688,0.48271077713781485,17
0.0,1.6762476492143963,0.2501949044615925,0.3954080581045966,0.005814468457818326,1.9207951422661695,0.247431979,PVA,6.013119220733643,15.76603889465332,18.891292572021484,0.5802956819534302,5.417758941650391,2.363387107849121,0.48247522137065585,18
0.0,0.2818290145146892,0.2539037989893653,0.4162162074698997,0.0025684553216969,1.9698445902646178,0.247431979,PVA,6.636744976043701,10.884818077087402,15.648202896118164,0.6601471304893494,7.040191650390625,7.678815841674805,0.48037999844865203,19
0.0,1.5391790413649795,0.25034725442610156,0.4698876097252804,0.00670622240620436,1.9389307906385436,0.247431979,PVA,6.192121505737305,14.449213981628418,19.137723922729492,0.6446676254272461,5.34826135635376,2.6640384197235107,0.4801877478209608,20
0.0,2.7743325672453985,0.39213134730079735,0.36095267665085684,0.01994975593127666,0.080826428977378,0.247431979,PVA,2.6258440017700195,5.729741096496582,47.03110122680664,0.13417530059814453,1.7866188287734985,5.1888861656188965,0.4775241713627876,21
0.0,0.2712662748033383,0.2503122075360785,0.3957100294298442,0.00716395756277261,1.9014519222703734,0.247431979,PVA,7.69997501373291,10.004415512084961,14.48677921295166,0.8013248443603516,5.589095592498779,6.965039253234863,0.47468392186431035,22
0.0,0.2712662748033383,0.25873627843989233,0.4193678137754331,0.007228501925772397,1.9007811435080155,0.247431979,PVA,7.4271440505981445,8.685994148254395,14.388101577758789,0.9873544573783875,4.945366859436035,7.13955020904541,0.4729156822157657,23
0.0,0.37060798784808524,0.250042866011571,0.5225656351738324,0.007929912961356828,1.8951766250018416,0.247431979,PVA,7.5394086837768555,9.421614646911621,13.201424598693848,0.9668863415718079,5.385104656219482,6.391895771026611,0.46974857852365404,24
0.0,3.1732405757767372,0.25006119272604427,0.5838426383729752,0.0010524377406972716,1.9453482528320225,0.247431979,PVA,4.6319074630737305,14.095047950744629,15.838149070739746,0.32245028018951416,12.39422607421875,3.5030086040496826,0.4691752086697182,25
0.0,0.2540656322673627,0.2501855643732961,0.46877404020124014,0.008616212688295197,1.9724625540619114,0.247431979,PVA,7.705073356628418,9.707243919372559,13.676335334777832,0.8574528098106384,5.472952842712402,6.610134601593018,0.4686447827128882,26
0.0,2.6629123599193814,0.3995600928923679,0.37954786918019506,0.019778189885421325,0.2284034447722657,0.247431979,PVA,2.7519867420196533,5.658004283905029,45.8254508972168,0.10976065695285797,1.8310850858688354,4.964314937591553,0.4686417334427305,27
0.0,2.707870473551549,0.399185078461448,0.5885684723004354,0.01950229026843589,0.00041745316452679315,0.247431979,PVA,2.787649393081665,5.966653823852539,43.55258560180664,0.15450528264045715,2.2441160678863525,5.294888496398926,0.46576094674574886,28
0.0,0.36706897853947384,0.25022965560159205,0.4802150417610116,0.006686252137994593,1.8212017558700984,0.247431979,PVA,7.4800639152526855,9.875016212463379,13.552802085876465,0.8417934775352478,5.272552490234375,6.879705429077148,0.4654094897107557,29
0.0,3.1732405757767372,0.25002733441172825,0.5838426383729752,0.0011353193912724143,1.9459393955074424,0.247431979,PVA,4.623326301574707,13.962968826293945,15.822168350219727,0.31656840443611145,12.257400512695312,3.2190849781036377,0.4637571764920887,30
0.0,0.3046675650630093,0.2526453284299896,0.4838684997477253,0.0010074600408846756,1.895207595515678,0.247431979,PVA,6.457676410675049,10.848549842834473,15.592694282531738,0.48197972774505615,7.270585536956787,7.576165676116943,0.458649435502303,31
0.0,0.4897046780473835,0.2610737638213969,0.42051756968681836,0.007813810891438752,1.99402397990146,0.247431979,PVA,7.0942792892456055,8.965641975402832,16.216283798217773,0.7567159533500671,4.923953056335449,7.2593994140625,0.45823901985468896,32
0.0,0.6298269074835687,0.2502406594073014,0.5553410503639133,0.008198998999319515,1.9719233771774782,0.247431979,PVA,7.261802673339844,9.187849044799805,14.737648010253906,0.837383508682251,5.3236823081970215,6.264168739318848,0.4571349416374026,33
0.0,0.2820321909047795,0.2529193299054406,0.5655069193514477,0.008678251076123196,1.9724625540619114,0.247431979,PVA,7.589911937713623,8.785009384155273,12.535844802856445,0.9331303834915161,5.689971446990967,6.146305561065674,0.456840548484201,34
0.0,3.1520380737125064,0.2500196423370223,0.5926860038089419,0.0010524965621006434,1.662032318134093,0.247431979,PVA,4.0305304527282715,14.245140075683594,15.603999137878418,0.2491496354341507,12.01511287689209,3.9776463508605957,0.4559579515965799,35
0.0,0.29290086021449746,0.2652607077295527,0.3949089936081759,0.007190498372069747,1.9970699453013492,0.247431979,PVA,7.163541316986084,8.265935897827148,15.282964706420898,0.7721003890037537,4.805819988250732,8.01148509979248,0.4534292813224961,36
0.0,1.5391790413649795,0.25022738337883393,0.47442020425340237,0.007159810826163014,1.6835396226466262,0.247431979,PVA,5.585460186004639,13.14809513092041,18.63853645324707,0.6642276048660278,5.133058071136475,2.477205514907837,0.4523050000874596,37
0.0,2.6438065254624936,0.3983755179540809,0.361593691101308,0.00119590930666197,0.062073860172863204,0.247431979,PVA,2.834322452545166,6.255120754241943,41.795310974121094,0.15643858909606934,1.7505167722702026,3.9320387840270996,0.4460039245398558,38
0.0,1.7333461586061798,0.2613854379275809,0.4935303960772437,0.00574338597466182,1.998401575027279,0.247431979,PVA,5.3799238204956055,12.768814086914062,19.88701820373535,0.5397390127182007,6.015964984893799,2.305485725402832,0.44571594169406,39
0.0,3.2415573638607897,0.38508306622929517,0.3808445375374749,0.0037165899145714136,0.4485475378280629,0.247431979,PVA,2.9103546142578125,6.435096263885498,39.7026481628418,0.11713182181119919,2.5146617889404297,4.650744438171387,0.44076506869563253,40
0.0,3.065264867703185,0.3854572405616299,0.3808445375374749,0.002833792193412288,0.4485475378280629,0.247431979,PVA,2.9526736736297607,6.384161949157715,39.00999069213867,0.10580497235059738,2.4220051765441895,4.559274196624756,0.4340485734468387,41
0.0,3.6593483322397526,0.2526224157104329,0.596912500700067,0.00130932197621865,1.854116118122735,0.247431979,PVA,3.882563352584839,12.630237579345703,15.2252779006958,0.2586548924446106,12.746771812438965,2.7053656578063965,0.43262524655056833,42
0.0,3.6384344266839412,0.25025895366663226,0.5553410503639133,0.001384515995555474,1.8546954465029464,0.247431979,PVA,3.8788342475891113,12.326468467712402,15.198382377624512,0.298204243183136,12.740653991699219,2.751359701156616,0.43248174614432955,43
0.0,0.2820321909047795,0.25885489601825623,0.5655069193514477,0.008784315451724648,1.9724625540619114,0.247431979,PVA,7.364129066467285,8.404743194580078,12.678918838500977,0.8048567771911621,5.2653961181640625,6.0722880363464355,0.43182750307117934,44
0.0,3.1732405757767372,0.25015384841501476,0.4108122969916356,0.0010524377406972716,1.9458011855763242,0.247431979,PVA,4.500322341918945,12.204635620117188,15.865825653076172,0.2920183539390564,10.763938903808594,3.3611574172973633,0.42638014525489915,45
0.0,0.36706897853947384,0.25647314336577987,0.4802150417610116,0.006622464632479338,1.6823617024058624,0.247431979,PVA,7.313412666320801,8.895171165466309,12.927495002746582,0.717692494392395,4.737081050872803,6.038235664367676,0.4230813058000587,46
0.0,0.2712662748033383,0.27336017396496065,0.4058939164365975,0.006587992348048055,1.86158638893769,0.247431979,PVA,6.880704879760742,7.379953861236572,14.823016166687012,0.7020834684371948,4.458675384521484,7.662063121795654,0.4228850556752809,47
0.0,4.379877741629389,0.25050121671553344,0.5955613041570834,0.001164952811784767,1.796596588383348,0.247431979,PVA,3.574303388595581,11.104875564575195,15.143632888793945,0.17065143585205078,14.088594436645508,3.208378553390503,0.42174231744035223,48
0.0,4.342997278726576,0.25006119272604427,0.5921514223903119,0.0013144705365757616,1.6657854710895401,0.247431979,PVA,3.5174992084503174,10.805109024047852,15.101262092590332,0.14967411756515503,14.58861255645752,2.876474142074585,0.4194089045535568,49
0.0,3.720398314263695,0.2699360436629217,0.5974079536456113,0.0011444690551623352,1.9023709564549611,0.247431979,PVA,3.6500885486602783,12.117169380187988,15.657109260559082,0.17720504105091095,11.494710922241211,4.2637176513671875,0.4181604936153459,50
0.0,4.271325595827153,0.3983755179540809,0.3952510394496126,0.00119590930666197,1.6975989239774592,0.247431979,PVA,3.2464890480041504,6.339423656463623,25.841100692749023,0.13588464260101318,5.96722936630249,9.747453689575195,0.41583909760073245,51
0.0,4.260749069673039,0.39940240123237614,0.3952510394496126,0.0011248245651587496,1.796596588383348,0.247431979,PVA,3.274444818496704,6.323856353759766,25.525182723999023,0.15729083120822906,6.334394454956055,9.499454498291016,0.41557386405080554,52
0.0,0.2712662748033383,0.25113952413969653,0.5985509278335411,0.007337147266390469,1.845072910962863,0.247431979,PVA,7.452192783355713,9.014801979064941,11.2516450881958,0.6889524459838867,5.377974510192871,5.6791181564331055,0.41536612511265814,53
0.0,4.342997278726576,0.25006119272604427,0.5921514223903119,0.0014402775353880804,1.6657854710895401,0.247431979,PVA,3.5096890926361084,10.659345626831055,15.074780464172363,0.16828899085521698,13.964951515197754,3.094810724258423,0.41369368694229725,54
0.0,4.260749069673039,0.3997328775979571,0.4835111752181052,0.0011248245651587496,1.796596588383348,0.247431979,PVA,3.2636921405792236,6.345249652862549,25.30332374572754,0.13972488045692444,6.699252128601074,9.015863418579102,0.4103801478765666,55
0.0,1.5302800686276328,0.25018970946096886,0.5251890094872714,0.0027166907528044047,1.9961232706337257,0.247431979,PVA,5.7187066078186035,10.326056480407715,18.560182571411133,0.45142024755477905,5.753574371337891,3.5149669647216797,0.40643677396283023,56
0.0,4.38688385277653,0.2513652804941224,0.36537425026491,0.01995888126544084,0.0008420266838590207,0.247431979,PVA,2.2950258255004883,7.05387544631958,29.62641716003418,0.1577381193637848,3.6182620525360107,7.846834659576416,0.4047342059182806,57
0.0,4.342997278726576,0.25006119272604427,0.5599881776066469,0.0013144705365757616,1.6657854710895401,0.247431979,PVA,3.494131565093994,10.32051944732666,15.224883079528809,0.1596943736076355,13.665022850036621,2.625519037246704,0.40399401706385385,58
0.0,4.341169952699743,0.3970197785315073,0.3952510394496126,0.0016492589995730535,1.796596588383348,0.247431979,PVA,3.2640461921691895,6.324789047241211,25.40920639038086,0.13499659299850464,6.236685276031494,8.740130424499512,0.4036057615481379,59
0.0,3.6698767805909913,0.2535980507911267,0.5553410503639133,0.0017836028917792915,1.8580847416007575,0.247431979,PVA,3.7598366737365723,11.40479850769043,15.051090240478516,0.21464012563228607,11.824666023254395,2.8127071857452393,0.40331992996345223,60
0.0,0.2686734412703816,0.2500789065998054,0.5631295762080402,0.01745346058946502,1.9756555566039027,0.247431979,PVA,6.903746604919434,7.212123394012451,11.812749862670898,0.771120011806488,4.818037033081055,6.017714977264404,0.3986199653150398,61
0.0,2.6031811697094263,0.26291177371221514,0.47966445174123906,0.0010903919979276854,1.7974135609149302,0.247431979,PVA,4.327275276184082,10.924175262451172,17.330305099487305,0.25297820568084717,8.681475639343262,3.995678186416626,0.3967128945214699,62
0.0,4.256066639660097,0.38523955355326633,0.40240536070294675,0.002833792193412288,1.810383498878073,0.247431979,PVA,3.2603342533111572,6.302348613739014,24.481897354125977,0.14043469727039337,6.435297012329102,8.478569030761719,0.39564137676654343,63
0.0,3.0191476689556276,0.3854572405616299,0.36740914327857305,0.0021075421951570294,1.246339618818385,0.247431979,PVA,3.204380989074707,6.180573463439941,29.10044288635254,0.14578332006931305,4.250193119049072,6.481301307678223,0.3907100612673319,64
0.0,4.074107194480767,0.2560723992745213,0.36560473812824895,0.0025684553216969,0.013536852147046363,0.247431979,PVA,2.4499428272247314,7.532299995422363,28.25141143798828,0.18520130217075348,4.166821002960205,5.712833881378174,0.3850958758294589,65
0.0,3.6095478509004044,0.34448253306952237,0.4086370510908388,0.002419352565290637,0.4477480345209446,0.247431979,PVA,2.8679287433624268,6.698866844177246,31.00170135498047,0.08900503069162369,3.0698494911193848,5.111448764801025,0.3831789178582745,66
0.0,0.43443061074265965,0.2659897752414566,0.3727636943672622,0.019567355706376983,1.900954262051105,0.247431979,PVA,6.252816200256348,4.667390823364258,15.678707122802734,0.5988420844078064,3.5831198692321777,8.256318092346191,0.3802469061497937,67
0.0,0.413017551681657,0.3993257283882501,0.4206004119061848,0.007813810891438752,1.9499944851300948,0.247431979,PVA,5.495597839355469,3.8827269077301025,23.679916381835938,0.5593831539154053,3.295675039291382,5.2738261222839355,0.37850151652564273,68
0.0,2.6031811697094263,0.26291177371221514,0.39853932132857894,0.0011248245651587496,1.7974135609149302,0.247431979,PVA,4.339797019958496,9.636700630187988,17.285057067871094,0.3366793096065521,7.958995342254639,3.6950790882110596,0.3766196360092719,69
0.0,1.6792425805318305,0.26291177371221514,0.47966445174123906,0.0010903919979276854,1.7974135609149302,0.247431979,PVA,4.96418571472168,8.794891357421875,20.00540542602539,0.34251999855041504,5.508477210998535,3.826749324798584,0.37258182124183803,70
0.0,0.413017551681657,0.3977017122277824,0.42335732046456775,0.019756193701389153,1.9714114219637908,0.247431979,PVA,4.722762584686279,3.492973804473877,24.46875,0.6359546780586243,2.8065359592437744,4.8373799324035645,0.3718834580185799,71
0.0,0.26701707505265276,0.3976050709065698,0.3935211364471821,0.007946546723663172,1.899437430791063,0.247431979,PVA,5.600194931030273,3.722376585006714,21.88549041748047,0.6080778241157532,3.0061681270599365,5.527597427368164,0.371697428273182,72
0.0,0.2515421020727996,0.3995600928923679,0.37954786918019506,0.01995888126544084,0.00186237620753992,0.247431979,PVA,3.031207799911499,2.560835599899292,35.08377456665039,0.1424846649169922,1.3202316761016846,3.819671630859375,0.3711454257533292,73
0.0,0.2608258119757717,0.38822777241581313,0.3722626962334567,0.018341210986412754,0.013098655995778752,0.247431979,PVA,3.0467965602874756,2.6971933841705322,34.348609924316406,0.14451441168785095,1.161672592163086,4.60621452331543,0.37093153374473076,74
0.0,0.298007083382533,0.2503558779928945,0.3631260865783389,0.005790553267237078,1.1679320280504042,0.247431979,PVA,6.801386833190918,7.598060131072998,10.829721450805664,0.686291515827179,3.730273962020874,4.89865779876709,0.3661204532304179,75
0.0,0.3781363179191255,0.38822777241581313,0.3722626962334567,0.001269671790718815,1.833233777618187,0.247431979,PVA,4.1069488525390625,4.209707260131836,21.916667938232422,0.5706676244735718,3.5410878658294678,6.740512371063232,0.3647839101544815,76
0.0,0.2515421020727996,0.3995660429298175,0.4671892607114087,0.006635482543352524,1.9814663490042823,0.247431979,PVA,5.639589786529541,3.9978034496307373,20.561384201049805,0.5377599000930786,3.7231032848358154,5.4762396812438965,0.3602510795307476,77
0.0,4.3136980331577055,0.250042866011571,0.5341899810316084,0.007834455459617149,1.7467777961904685,0.247431979,PVA,3.20784592628479,6.437129497528076,18.229625701904297,0.26922789216041565,11.103328704833984,2.931901216506958,0.3570098393861705,78
0.0,3.320320416010458,0.2556446307091583,0.428956341182528,0.006813637842413705,1.9619659096762085,0.247431979,PVA,3.343841314315796,7.797507286071777,18.255054473876953,0.38566938042640686,8.858724594116211,1.869476556777954,0.3499119125844216,79
0.0,3.7185814458427076,0.25248977950047086,0.59690724480948,0.007150692350466753,1.9000290011674947,0.247431979,PVA,3.4437925815582275,6.870951175689697,17.862049102783203,0.2968986928462982,10.531342506408691,1.7243494987487793,0.34948649308319707,80
0.0,3.4284333376776823,0.255648043539056,0.43093114087642814,0.00678431271924525,1.969824637630489,0.247431979,PVA,3.354276418685913,7.902087688446045,17.915185928344727,0.36436694860458374,9.067255973815918,1.8406633138656616,0.3489712776837982,81
0.0,0.2515421020727996,0.3995600928923679,0.39698602544331796,0.01995888126544084,1.8156985172809867,0.247431979,PVA,4.690796375274658,3.1046090126037598,22.8607120513916,0.5109368562698364,2.394277572631836,5.411128044128418,0.34337488936510296,82
0.0,3.7474153901883493,0.2501002504126068,0.5556040405363641,0.008336750498619198,1.7110369778072125,0.247431979,PVA,3.283992290496826,6.486675262451172,18.44269561767578,0.28642335534095764,10.037663459777832,1.6299827098846436,0.3401584610976061,83
0.0,3.708981517219177,0.2525622387890477,0.4838684997477253,0.006394327185625307,1.888511460061795,0.247431979,PVA,3.3675379753112793,6.877917289733887,17.166004180908203,0.30632543563842773,9.763126373291016,1.8994220495224,0.3353892180672917,84
0.0,3.6717798871628493,0.2514597862232286,0.40965089034413144,0.005772163883232373,1.934045163069683,0.247431979,PVA,3.354254722595215,7.377424716949463,16.60971450805664,0.3245491683483124,9.417032241821289,2.1570494174957275,0.33538038161122624,85
0.0,2.6031811697094263,0.25017728777932163,0.39519826680897363,0.0036900712531392973,1.7973944435864255,0.247431979,PVA,4.410604476928711,7.618863105773926,17.412437438964844,0.3487890660762787,6.530461311340332,2.3317739963531494,0.3272873177324661,86
0.0,0.5915577034744383,0.2512287906062138,0.595816919267692,0.0028325093120463614,1.1345890669598684,0.247431979,PVA,5.359275817871094,9.433423042297363,9.030776977539062,0.45801904797554016,4.505970478057861,3.8406870365142822,0.317409411909258,87
0.0,0.3406298301667101,0.2503558779928945,0.5640561622934186,0.005863375316726371,1.1679320280504042,0.247431979,PVA,5.832147598266602,8.306894302368164,6.54997444152832,0.5789905786514282,4.179795265197754,4.088444709777832,0.3141387673176155,88
0.0,0.2515421020727996,0.3937157071062156,0.5938097235110753,0.019950367837689796,0.0010365749671366054,0.247431979,PVA,3.1059186458587646,2.959188938140869,26.743017196655273,0.15482166409492493,1.627319097518921,4.7712225914001465,0.3141059216447083,89
0.0,0.6247163682413088,0.2588280464684977,0.41183886745379283,0.002723878649206889,1.0455629650000284,0.247431979,PVA,5.357531547546387,7.868414402008057,12.955354690551758,0.4084117114543915,3.2241621017456055,3.9640016555786133,0.3042159726189696,90
0.0,0.4212228412214991,0.256799491965004,0.5991092115922858,0.011481442856884901,1.1822813409779926,0.247431979,PVA,5.073277950286865,7.611464977264404,5.435617923736572,0.4904896318912506,3.8932759761810303,3.910454511642456,0.2675486109396135,91
0.0,0.2519282304546398,0.25016895811174117,0.40995286166937894,0.017369549082250392,1.165236578767416,0.247431979,PVA,5.414325714111328,4.579671382904053,9.624382019042969,0.5106432437896729,3.05348801612854,4.4717936515808105,0.26532571719574227,92
0.0,0.3347410970727737,0.2500015434753775,0.5472030505666405,0.01913693906377859,1.2369174561695346,0.247431979,PVA,5.094846248626709,5.242478847503662,7.705845832824707,0.4553624987602234,3.2199275493621826,4.165497303009033,0.2422474562819382,93
0.0,0.26101245082466007,0.2512287906062138,0.593950976454023,0.018913604906572276,1.121188411432036,0.247431979,PVA,4.8035807609558105,4.553057670593262,6.06400203704834,0.3826769292354584,3.250572443008423,4.357460021972656,0.21165261063859528,94
0.0,0.3461655110390067,0.2560723992745213,0.36127074068595566,0.0026639637070047717,0.18200488216716226,0.247431979,PVA,3.7384800910949707,4.91458797454834,10.395444869995117,0.24757450819015503,1.8771071434020996,4.711367607116699,0.1972849538012001,95
0.0,0.3046675650630093,0.2500557335190919,0.4818780842842021,0.0037090307398064655,0.47051423164629724,0.247431979,PVA,4.344104766845703,5.370086193084717,2.69329833984375,0.3687227666378021,2.9840385913848877,3.50178861618042,0.18091752023826552,96
0.0,0.2563085276059305,0.27370850589879586,0.5975521651573397,0.0040066111434250064,0.43790140393807997,0.247431979,PVA,3.9964957237243652,4.887324333190918,3.7945735454559326,0.27054810523986816,3.128800630569458,3.587144136428833,0.15722142369533632,97
0.0,0.2563085276059305,0.2773479026627909,0.5975521651573397,0.003984685416728523,0.4511850778831238,0.247431979,PVA,3.948183536529541,4.839621543884277,4.112189292907715,0.22698593139648438,2.741368055343628,3.8458733558654785,0.151840346928192,98
0.0,0.25349178337169964,0.273526799785546,0.3949089936081759,0.006891870884452276,0.360445735065295,0.247431979,PVA,3.5356690883636475,4.413585662841797,4.552724361419678,0.23223936557769775,2.0014219284057617,3.8243796825408936,0.13347465010933254,99
0.0,0.2513706671705573,0.2500365882738756,0.5560897398539724,0.01945219054828087,0.4218765220771164,0.247431979,PVA,3.583130121231079,3.5900962352752686,0.7576337456703186,0.21813274919986725,1.8525612354278564,3.4425039291381836,0.10490612776930575,100
