pareto_index,SF/C,FA/C,W/B,S/B,SP/B,V_f,I_f,Fiber Type,UTX(MPa),G(KJm3),MiniSF(cm),UTX Uncertainty,G Uncertainty,MiniSF Uncertainty,score_50/50,rank_50/50,score_60/40,rank_60/40,score_70/30,rank_70/30,fiber,normalization
0,0.0,0.5550044358024875,0.2503650392291711,0.569843815471251,0.0098726991265479,1.9342230453074036,0.430752174,PE,7.35335636138916,27.379844665527344,10.16579246520996,1.2598081827163696,14.292689323425291,4.492866516113281,0.44517473474520486,99,0.48534461441220456,53,0.5182299914570664,27,PE,minmax
1,0.0,1.4840282899391766,0.2701496276857557,0.3031143177064168,0.0098855640092172,0.0029410410209556,0.430752174,PE,2.962996244430542,7.372088432312012,31.62889289855957,0.2089141309261322,3.205157518386841,4.608759880065918,0.534826571534061,29,0.4737018279144151,62,0.42623797273326736,79,PE,minmax
2,0.0,1.408723355379314,0.3690576486226424,0.5970442333419164,0.009677115082429,0.0220600445121419,0.430752174,PE,3.108592748641968,5.916928291320801,31.67418098449707,0.1018992140889167,2.766720533370972,4.880465030670166,0.5393130049629543,22,0.4772463901985303,60,0.4279445699946859,78,PE,minmax
3,0.0,0.2521802419636951,0.2500026262009142,0.5968862357456827,0.0010002079339053,1.9959886679704604,0.430752174,PE,8.23384952545166,40.58401870727539,10.513338088989258,0.8014132380485535,18.22370147705078,4.90058708190918,0.5198750128347528,46,0.5718060169072992,7,0.6126037826018972,6,PE,minmax
4,0.0,0.3832312662287161,0.3615749243666584,0.3313329884062918,0.0010695386173162,1.9452043104215595,0.430752174,PE,5.638782501220703,16.911949157714844,16.603796005249023,0.6059476137161255,5.658569812774658,7.962392807006836,0.44621321467687003,97,0.43788063406560945,92,0.43036492945704663,75,PE,minmax
5,0.0,1.497798071063683,0.3634930285032038,0.3002539492671655,0.0097975403384773,0.0029566749768638,0.430752174,PE,3.0572097301483154,5.473030090332031,38.09032440185547,0.1408147364854812,2.3046395778656006,4.195066928863525,0.5623658003217393,8,0.5047650128258087,33,0.46210853627124715,58,PE,minmax
6,0.0,0.2663051129851702,0.3697084835594678,0.3163166639952644,0.0098937440664851,0.0177276734422512,0.430752174,PE,3.1712589263916016,4.690820693969727,23.18012809753418,0.1788123995065689,2.312587261199951,3.526390790939331,0.5345117628203147,30,0.4531585327215338,84,0.38273294632392074,92,PE,minmax
7,0.0,0.2517758067410883,0.2500026262009142,0.5996054593804236,0.0010002079339053,1.9959886679704604,0.430752174,PE,8.240009307861328,40.632442474365234,10.483068466186523,0.8345377445220947,17.578821182250977,4.8233819007873535,0.5230404765815652,41,0.5742081163957019,5,0.6140494001712319,3,PE,minmax
8,0.0,0.2512052703792774,0.2500006137748106,0.599949010322917,0.0010007688104632,1.7542692241961957,0.430752174,PE,8.179490089416504,40.67584991455078,9.273645401000977,0.774741530418396,17.02156639099121,4.914693832397461,0.5263763484253938,37,0.5728545561449332,6,0.6081748541553426,8,PE,minmax
9,0.0,0.2517345016304131,0.2500030384751021,0.5995246850847441,0.009535813723738,0.6689470997489986,0.430752174,PE,5.437939643859863,21.854251861572266,1.429227590560913,0.7247214913368225,9.143369674682615,2.798288106918335,0.48557281706964067,65,0.43582940621095156,94,0.3947221647803151,91,PE,minmax
10,0.0,0.2800329111476533,0.3697084835594678,0.3260022380548503,0.009794688809646,0.0209107814880544,0.430752174,PE,3.1754868030548096,4.723086833953857,23.039220809936523,0.1872953623533249,2.075514793395996,3.728825330734253,0.5315400939363021,33,0.450802751388791,87,0.380821576492919,93,PE,minmax
11,0.0,0.6298345091714919,0.252772612918747,0.5953476633338375,0.0011729543550833,0.044714966567419,0.430752174,PE,4.395878314971924,32.86734771728516,19.24383544921875,0.4260734915733337,12.5960054397583,2.338374137878418,0.5799140139057261,2,0.5545842333733086,12,0.5337150660812339,17,PE,minmax
12,0.0,0.714865748784819,0.2500121306010774,0.5536142213281539,0.0011389361754855,0.0829108754196409,0.430752174,PE,4.501494407653809,33.03246307373047,19.64430427551269,0.4491576254367828,13.455042839050291,2.4973111152648926,0.5717803425764815,4,0.5533223687102924,13,0.5380264087045493,16,PE,minmax
13,0.0,0.2941242685310389,0.3458746925623175,0.3326674447903934,0.0011098676869001,1.9387643923435356,0.430752174,PE,5.810116767883301,18.008426666259766,16.177270889282227,0.657688558101654,6.713767051696777,7.220681190490723,0.4522590123181096,92,0.4473498018763908,88,0.4431760732711287,70,PE,minmax
14,0.0,1.434745665051307,0.3622386236283015,0.3013724152245129,0.0067993474429982,1.9913634200056016,0.430752174,PE,4.948885917663574,9.447864532470703,29.99419403076172,0.591306209564209,5.393035888671875,5.135654926300049,0.5223089213758033,42,0.4915234866078625,44,0.46821095119764544,49,PE,minmax
15,0.0,1.440448144113354,0.2598070807705149,0.3396904873231637,0.0098823196791595,0.1667396764123537,0.430752174,PE,3.2015833854675293,10.447816848754885,26.215600967407227,0.2425721734762191,3.787952423095703,4.1075592041015625,0.5390207881229165,23,0.46944226382012094,69,0.4123958360248677,83,PE,minmax
16,0.0,0.4690320103055129,0.2586476963736174,0.3420191952537939,0.0096524283245707,1.9604076707704128,0.430752174,PE,7.002446174621582,22.884042739868164,13.2371187210083,0.9790940284729004,10.589735984802246,5.725062847137451,0.4559219268457819,89,0.48382208642761226,55,0.5054921593517616,33,PE,minmax
17,0.0,0.9916459855088832,0.3615749243666584,0.3482806027775073,0.0012122075905293,0.0202302738481542,0.430752174,PE,3.177487134933472,5.702006816864014,35.26808547973633,0.1523663103580474,2.454749822616577,3.652712821960449,0.5671510891159938,6,0.5032218473670933,34,0.4544430884174682,61,PE,minmax
18,0.0,1.426269642119413,0.3570352624304376,0.3487969881035486,0.0010199528505755,1.9346380545419983,0.430752174,PE,4.084980487823486,17.41637420654297,27.160079956054688,0.5685171484947205,5.664211750030518,6.597136497497559,0.4840791497478362,69,0.4651760257096156,74,0.4499297277538031,65,PE,minmax
19,0.0,0.2544669398049494,0.2537623094882658,0.346324871193229,0.0021103927640087,0.6757861051793521,0.430752174,PE,5.214522838592529,29.296958923339844,5.519262313842773,0.6342364549636841,12.993508338928224,3.344480276107788,0.48729466349309525,62,0.4631269030531175,75,0.4439988435846181,68,PE,minmax
20,0.0,0.4690320103055129,0.2642889931139269,0.3404991429874723,0.0096524283245707,1.8173301742545351,0.430752174,PE,6.758384704589844,20.60572624206543,12.85755443572998,0.92086923122406,9.354392051696776,5.42195987701416,0.4641646693985278,83,0.4750770441597677,61,0.48354042562075356,45,PE,minmax
21,0.0,0.9951134826596116,0.2514051166458033,0.3031467019400531,0.0093878168046217,0.1009031892451745,0.430752174,PE,3.4146978855133057,12.934403419494627,23.905839920043945,0.3294509947299957,4.774458408355713,4.618447780609131,0.5201749204201337,45,0.4565914629040532,81,0.4041722696645687,85,PE,minmax
22,0.0,0.6298345091714919,0.2527731598050438,0.5953476633338375,0.0013715396034968,0.1082023967389642,0.430752174,PE,4.586572647094727,32.45515441894531,17.970264434814453,0.4569718241691589,13.808711051940918,2.680122137069702,0.5583638987365618,12,0.5401414378206557,17,0.5249955362893831,20,PE,minmax
23,0.0,1.1679365670613209,0.364669583153327,0.3036829618591788,0.0010012624933366,1.985078424353789,0.430752174,PE,4.889554977416992,16.5426025390625,24.82469940185547,0.5558986663818359,5.976859092712402,7.9443359375,0.4603849165340093,85,0.4561284200839851,82,0.4523852245410714,63,PE,minmax
24,0.0,0.2515316890556285,0.2510481333976463,0.588244960013819,0.0090506517043814,1.945754073851332,0.430752174,PE,7.574261665344238,28.908597946166992,8.360220909118652,1.0783371925354004,16.049562454223633,4.151000022888184,0.4638171820965216,84,0.4999860990659732,36,0.528776996896697,19,PE,minmax
25,0.0,0.3380545415732719,0.2520174538253177,0.3632434189592395,0.009085783358843,1.945754073851332,0.430752174,PE,7.5056962966918945,24.87454414367676,12.005865097045898,1.1999353170394895,12.66071605682373,5.185450553894043,0.446909570652061,96,0.4888186712537016,49,0.5222031427880018,23,PE,minmax
26,0.0,0.2500963870950947,0.2523803105690472,0.3302405931365997,0.0090506517043814,1.945754073851332,0.430752174,PE,7.543882369995117,24.987749099731445,12.00258445739746,1.223776936531067,12.70132541656494,5.106846809387207,0.44778004300837926,95,0.49007021282026514,47,0.5239576163883225,21,PE,minmax
27,0.0,0.2734890762561148,0.3666152282645296,0.5994727047800086,0.0013309496457794,0.2592660399289068,0.430752174,PE,3.389439821243286,7.715384483337402,16.29871368408203,0.2841296195983886,3.369086980819702,2.6059463024139404,0.5303951659209803,34,0.440590055915455,90,0.3571227480150755,96,PE,minmax
28,0.0,0.2521802419636951,0.2500026262009142,0.3196123121674309,0.0010002079339053,1.9959886679704604,0.430752174,PE,7.858536720275879,35.53166580200195,13.796518325805664,0.9417102932929992,17.401241302490234,5.841289043426514,0.4791618687557664,74,0.5438315907417989,15,0.5968635575723356,9,PE,minmax
29,0.0,0.2621606130699547,0.2500108148407791,0.5994727047800086,0.0066132020128988,0.6983483173255232,0.430752174,PE,5.993699073791504,24.26178932189941,1.9280558824539185,0.6844278573989868,11.657443046569824,2.4166860580444336,0.5026906118320064,57,0.46589138903916627,73,0.43594506309838715,73,PE,minmax
30,0.0,1.481680867625795,0.3634930285032038,0.3002539492671655,0.0014223858498305,0.0029566749768638,0.430752174,PE,3.1010279655456543,5.866436958312988,37.7703971862793,0.1426722109317779,2.2795848846435547,3.109626054763794,0.5800972505010377,1,0.5166073858173533,24,0.46886391707339214,48,PE,minmax
31,0.0,1.3269835543578452,0.2506228559559932,0.59910311106019,0.0096615240847484,1.6477352161582448,0.430752174,PE,6.045851707458496,23.071666717529297,14.883567810058594,0.9556843638420104,10.190925598144531,4.008181095123291,0.48846411621562824,61,0.4881894010458344,50,0.48796456096315416,41,PE,minmax
32,0.0,0.2521802419636951,0.2500026262009142,0.3649566967205921,0.0013756443211162,1.7738501704902512,0.430752174,PE,7.799211025238037,34.46887969970703,11.910905838012695,0.8109169602394104,17.951894760131836,4.67905855178833,0.5021878988913023,58,0.5501713851060134,14,0.589184987370352,11,PE,minmax
33,0.0,0.4477281775363484,0.2580037803799859,0.3447387780696164,0.0094026683844861,1.9533932217766947,0.430752174,PE,7.078484058380127,23.13573265075684,13.045866012573242,1.049419641494751,11.197190284729004,5.739218235015869,0.44457688495844133,100,0.47840914494767073,59,0.504827466163724,34,PE,minmax
34,0.0,0.2505505443093518,0.2546939753523559,0.3030384785155847,0.0028371282144253,0.7062808992889187,0.430752174,PE,4.977008819580078,26.89927864074707,6.346417427062988,0.7160367965698242,11.210617065429688,3.128704071044922,0.48555693740825223,66,0.4516479716557494,86,0.4241134412438059,80,PE,minmax
35,0.0,1.4174446281781266,0.3630107722257989,0.3382755174756243,0.0099243656536666,1.9452043104215595,0.430752174,PE,4.841638088226318,6.873530864715576,29.3075008392334,0.578847348690033,5.502577781677246,4.552005290985107,0.5211902523403803,43,0.4807247811758153,57,0.45020172462966185,64,PE,minmax
36,0.0,1.437814220089764,0.3622386236283015,0.3014664845245371,0.0068119554773843,1.6095520939760604,0.430752174,PE,4.6869964599609375,6.525508880615234,24.13675117492676,0.5509719252586365,5.3437581062316895,3.9404876232147217,0.51612371791513,50,0.45937032108628395,76,0.413923333054305,81,PE,minmax
37,0.0,0.2624364502981319,0.3679262580475915,0.5996886167485744,0.0097176704544662,0.6983483173255232,0.430752174,PE,4.441145420074463,8.474453926086426,8.64460277557373,0.347998559474945,4.332656383514404,3.1285924911499023,0.5104411647804149,54,0.4213208446702906,97,0.3374976773079138,97,PE,minmax
38,0.0,1.4998272575151634,0.3132735694590354,0.5113437123022762,0.0011470581869406,0.2416990823183136,0.430752174,PE,3.244990825653076,13.36319065093994,31.01774406433105,0.1591182649135589,5.158360958099365,3.3573946952819824,0.5769701211323751,3,0.5124685855615891,26,0.4618860321092371,59,PE,minmax
39,0.0,0.2513338223794755,0.253700027023068,0.5996056601002252,0.0010002079339053,0.2343874616621071,0.430752174,PE,5.247284889221191,34.364437103271484,7.629581451416016,0.5116115808486938,14.03114891052246,2.973973512649536,0.5282417286190461,35,0.5101034010784623,28,0.49573282623190035,38,PE,minmax
40,0.0,0.4578509980766771,0.2816731060837037,0.3270397559492087,0.0013503517832797,0.3334170433863663,0.430752174,PE,3.7599616050720215,22.14682960510254,12.662158012390137,0.3267586231231689,7.651072025299072,3.572543144226074,0.5247961703639539,38,0.45680173597202484,80,0.39877009515788403,90,PE,minmax
41,0.0,0.6433734843976624,0.3662969989273961,0.3005726217708206,0.0016554088537328,1.7717145726230914,0.430752174,PE,5.519509315490723,14.636808395385742,17.706342697143555,0.5706108212471008,5.642364501953125,6.41831636428833,0.47833540373939554,75,0.45176782241456037,85,0.42933870121771994,77,PE,minmax
42,0.0,0.277580061951202,0.2517247413529783,0.5970384390264761,0.0018917665240415,1.6195618452198028,0.430752174,PE,7.923473358154297,36.623443603515625,8.257256507873535,0.7094244956970215,16.662837982177734,4.048983573913574,0.532967195538976,31,0.5645961028995841,10,0.5888648634249001,12,PE,minmax
43,0.0,0.2544669398049494,0.2527297539502,0.5994927358153017,0.0029755193282675,0.6757861051793521,0.430752174,PE,6.2993245124816895,30.860597610473636,2.6993699073791504,0.6644590497016907,14.333650588989258,2.8925352096557617,0.5062870712410852,56,0.49382615458887424,41,0.48411954514861927,44,PE,minmax
44,0.0,1.353489842000957,0.2532377570813918,0.5994727047800086,0.0066132020128988,1.6098805687766924,0.430752174,PE,6.202629089355469,24.55596351623535,15.17058277130127,0.7952287197113037,12.094359397888184,4.700575351715088,0.48422666639113915,68,0.49532333112657795,39,0.5041100052291693,35,PE,minmax
45,0.0,0.4690320103055129,0.2537445742997991,0.3420321169616115,0.0096524283245707,0.679927290055575,0.430752174,PE,4.036896228790283,18.232519149780277,5.138757705688477,0.6149325966835022,7.222233772277832,3.0582804679870605,0.47297032965429664,81,0.39991495812491507,100,0.33401446755809666,98,PE,minmax
46,0.0,0.285363825933152,0.3574702331560054,0.3299850040198296,0.0096156249497118,1.747196891049316,0.430752174,PE,5.496779441833496,11.574719429016112,15.760061264038086,0.6161112189292908,4.653847694396973,5.943490028381348,0.4738150071133247,79,0.43417219650002997,95,0.4005146594518559,89,PE,minmax
47,0.0,0.5635250359847097,0.2556154381787895,0.5843406904929258,0.009805143389749,1.9123563151776903,0.430752174,PE,7.167036056518555,26.327089309692383,10.064047813415527,1.1219125986099243,13.063891410827637,4.712637424468994,0.4523103023214685,91,0.48471217373545245,54,0.5102465110134452,30,PE,minmax
48,0.0,1.4977038720128488,0.2560065472156344,0.5940203518988117,0.0093293392674145,0.163985846367591,0.430752174,PE,3.475555181503296,13.928766250610352,21.52446174621582,0.2614811360836029,4.667128086090088,3.9784650802612314,0.5389769601362739,24,0.4661500392956436,72,0.40412442024578754,86,PE,minmax
49,0.0,0.251188079168961,0.2525535153545156,0.5915219546324311,0.00986739629087,1.9070369745231377,0.430752174,PE,7.563694953918457,27.90066909790039,8.040668487548828,1.2041590213775637,14.866318702697754,4.222455978393555,0.45366896236622883,90,0.4898676152590056,48,0.5188293118995171,26,PE,minmax
50,0.0,0.381408388692827,0.2692456396006807,0.5761788385562747,0.0099427334392973,1.796820706769327,0.430752174,PE,6.831591606140137,22.353330612182617,8.739039421081543,0.9083592295646667,9.4541015625,4.375972270965576,0.48643668907850784,63,0.48330948699989307,56,0.48090949780413256,47,PE,minmax
51,0.0,0.9916459855088832,0.3615749243666584,0.3363238895132227,0.0095742303227989,0.0202302738481542,0.430752174,PE,3.134310483932495,5.162149906158447,35.09379196166992,0.1496792286634445,2.292475700378418,4.485136032104492,0.5514114547059021,15,0.49172891457495443,43,0.4462340519778272,66,PE,minmax
52,0.0,1.434745665051307,0.3626943347092033,0.3023161239333673,0.0014112428481977,0.6960037558098242,0.430752174,PE,3.2549479007720947,6.107537269592285,28.36182975769043,0.220319852232933,3.5785300731658936,3.913827657699585,0.5380715582081367,25,0.46846260961782343,70,0.4125204237529752,82,PE,minmax
53,0.0,1.434745665051307,0.3622386236283015,0.3002957276648469,0.0018173085077706,1.990394097268953,0.430752174,PE,4.676620006561279,15.539716720581056,28.04566764831543,0.6088138818740845,5.773991584777832,6.9790802001953125,0.4806072088649942,73,0.47187544540140713,64,0.46474536333033684,54,PE,minmax
54,0.0,1.1535359700804944,0.3682737501371372,0.3037636189233446,0.0014989648099423,1.934971552092976,0.430752174,PE,5.28336763381958,15.26773738861084,25.11199188232422,0.6008130311965942,5.588072776794434,7.519087791442871,0.47397256102422125,78,0.47004490523498177,66,0.46667455613148856,51,PE,minmax
55,0.0,0.5985235174474668,0.2752771444722103,0.313179560122102,0.0013645647800639,1.9431763520735217,0.430752174,PE,6.63922929763794,25.43228912353516,15.859684944152832,0.7994124889373779,12.468128204345703,6.27494478225708,0.4567655538364787,88,0.4932660736664517,42,0.5221929071655779,24,PE,minmax
56,0.0,0.6244000253564685,0.2615995145217568,0.3465504203530595,0.0085387596540029,1.945754073851332,0.430752174,PE,6.871345043182373,22.529624938964844,14.302584648132324,1.0255531072616575,10.22845458984375,5.759903907775879,0.45142816365822575,93,0.4802812970852965,58,0.5030491978798107,36,PE,minmax
57,0.0,0.2512052703792774,0.2500203735612999,0.599949010322917,0.0010007688104632,1.9465885427209637,0.430752174,PE,8.227481842041016,40.63954162597656,10.244367599487305,0.8807500004768372,17.671316146850586,4.2359466552734375,0.5280308553775199,36,0.5760042872596979,4,0.6137346462706907,4,PE,minmax
58,0.0,1.3847483422523152,0.363240425579051,0.3036312400648301,0.0016554088537328,1.7789006787249382,0.430752174,PE,4.65788459777832,10.273277282714844,27.563203811645508,0.5585444569587708,5.813060760498047,6.202969074249268,0.48292138329950535,71,0.4569485421564552,79,0.436478424449052,72,PE,minmax
59,0.0,0.9765936911582772,0.252772612918747,0.5953476633338375,0.0011729543550833,0.044714966567419,0.430752174,PE,4.199969291687012,31.561737060546875,22.335588455200195,0.3668802976608276,13.696330070495604,3.1907405853271484,0.5609270733749205,10,0.543472751375138,16,0.529305670246499,18,PE,minmax
60,0.0,0.2521802419636951,0.2500026262009142,0.3007507149486511,0.0028378433850679,1.8808080783158592,0.430752174,PE,7.639340400695801,30.528060913085938,12.848122596740724,0.8392801284790039,16.48040199279785,5.320334911346436,0.4811543730136151,72,0.5301186750507376,21,0.5692304213151251,15,PE,minmax
61,0.0,0.9923733937295848,0.2513649786085156,0.3146013466185823,0.0098726991265479,1.607241826658495,0.430752174,PE,6.289682388305664,19.39395904541016,15.772544860839844,0.9725098013877868,8.416451454162598,3.526454210281372,0.5109808382541166,53,0.4988094884395236,37,0.4886546064993887,40,PE,minmax
62,0.0,1.48381355793257,0.2579924452082153,0.3031143177064168,0.001132102533878,0.0326785174363995,0.430752174,PE,3.4006457328796387,21.246959686279297,25.56713485717773,0.3293549716472626,9.04636287689209,3.1213572025299072,0.5570312148384304,13,0.5048842989761582,32,0.4635253117193024,57,PE,minmax
63,0.0,1.4840282899391766,0.2513759255835004,0.3031143177064168,0.0098855640092172,0.012115911564675,0.430752174,PE,3.0722429752349854,9.929341316223145,26.52308464050293,0.2657141983509063,4.060679912567139,4.490926742553711,0.5234671648688505,39,0.4574531446429355,78,0.4039449711519902,87,PE,minmax
64,0.0,1.1065778938257331,0.2534569448850217,0.3110412973659172,0.0016554088537328,1.7746575420980149,0.430752174,PE,6.950180530548096,29.54139518737793,17.697620391845703,0.8628038167953491,15.59866714477539,3.705144882202149,0.5210811541391568,44,0.5562730246766485,11,0.5865521335906285,13,PE,minmax
65,0.0,1.4854991473326582,0.265315094905812,0.335414789321551,0.0098829766426347,1.8904248165047144,0.430752174,PE,5.629859924316406,18.840993881225582,18.68306350708008,0.7864311933517456,6.724977970123291,3.4602181911468506,0.5442243510302276,19,0.5121955525125778,27,0.48558650395393366,43,PE,minmax
66,0.0,1.4854991473326582,0.265315094905812,0.3163605176692557,0.009894053562315,1.8904248165047144,0.430752174,PE,5.613458633422852,18.5622615814209,18.85486221313477,0.7908174991607666,6.971538066864014,3.5899243354797363,0.5371846632364523,26,0.5068644901759588,31,0.48178243025607653,46,PE,minmax
67,0.0,0.3823645584765372,0.2512190104773744,0.3261951557101547,0.001404539693091,1.8356130392025896,0.430752174,PE,7.630741596221924,33.1475830078125,13.578008651733398,0.9000935554504395,16.942020416259766,5.302043437957764,0.4834933341986578,70,0.5390874027264451,18,0.5843599810356432,14,PE,minmax
68,0.0,0.6710495368611437,0.2502415910168722,0.5774130079212256,0.0094498523371976,0.7215987790953797,0.430752174,PE,4.7945733070373535,19.862668991088867,6.17512845993042,0.6505604386329651,7.824248790740967,3.297306776046753,0.48577050272374867,64,0.42581128184887673,96,0.37428463824370833,94,PE,minmax
69,0.0,0.2513626900454471,0.3458746925623175,0.3326674447903934,0.0010034861239611,1.7637550338743797,0.430752174,PE,5.785722732543945,16.172773361206055,15.49239730834961,0.6368637681007385,6.3896565437316895,6.691207885742188,0.46019007216391805,86,0.443827609720356,89,0.43012139658111026,76,PE,minmax
70,0.0,0.5559928525745319,0.252772612918747,0.5953138717585861,0.0011729543550833,1.944469030911253,0.430752174,PE,7.865334987640381,38.966796875,12.549748420715332,0.7222855687141418,16.3736572265625,4.958916664123535,0.5359890785853261,27,0.5835061175463393,2,0.6209310129056643,1,PE,minmax
71,0.0,0.2500727878988997,0.2638640361209977,0.3275090919531728,0.0022413396347139,0.1782232159224976,0.430752174,PE,3.9900617599487305,23.74246025085449,11.878165245056152,0.429101288318634,8.78198528289795,3.377446174621582,0.5176391714079853,48,0.4578019829638497,77,0.40760009494008725,84,PE,minmax
72,0.0,0.5635250359847097,0.2514233106646029,0.5843406904929258,0.0098726991265479,1.9123563151776903,0.430752174,PE,7.296871662139893,27.23057746887207,9.95333194732666,1.176977038383484,14.28683090209961,4.1912055015563965,0.4572883015735285,87,0.491350216466954,46,0.5189986016056899,25,PE,minmax
73,0.0,1.353489842000957,0.2540582574387169,0.5994727047800086,0.001146790782912,1.6098805687766924,0.430752174,PE,6.821842193603516,37.82755279541016,15.826525688171388,0.6736828684806824,16.109628677368164,4.115611553192139,0.5482857004350746,16,0.5854538327717604,1,0.616182693450773,2,PE,minmax
74,0.0,0.6288460923994474,0.2503650392291711,0.5698748604652908,0.0099277778149191,0.040851794526606,0.430752174,PE,3.80916690826416,17.00063705444336,13.874138832092283,0.3570670187473297,5.1668548583984375,4.267030239105225,0.511694418741468,52,0.43795704748800734,91,0.37273230275824487,95,PE,minmax
75,0.0,0.3243207537700607,0.2500026262009142,0.5769386406538022,0.001662781414071,1.9954897885401268,0.430752174,PE,8.077230453491211,38.6133041381836,10.988849639892578,0.7962164282798767,16.972299575805664,5.118429660797119,0.5180804186712472,47,0.5688010362422294,8,0.6083451125599557,7,PE,minmax
76,0.0,1.1534347827774596,0.364669583153327,0.3037636189233446,0.0012797641806471,1.9443611231011493,0.430752174,PE,5.220098495483398,15.899943351745604,24.893539428710938,0.5510833859443665,5.669282913208008,7.779407024383545,0.4733393320027596,80,0.4695526406244614,68,0.4662386670727179,52,PE,minmax
77,0.0,1.247958917294968,0.251405767464337,0.3320412489962707,0.0011844902118867,0.022412048799419,0.430752174,PE,3.6431825160980233,25.831748962402344,25.226905822753903,0.30833500623703,10.207297325134276,4.414725303649902,0.5443082906282785,18,0.5124733498524586,25,0.48792242491922044,42,PE,minmax
78,0.0,1.4165094858403662,0.2700561501050802,0.5537663219943236,0.0098858940351326,1.9817710068698149,0.430752174,PE,5.767485618591309,21.50101089477539,17.30811882019043,0.7979151010513306,7.125430583953857,3.6507935523986816,0.5441739319430057,20,0.5194171312787785,22,0.49905206136094304,37,PE,minmax
79,0.0,0.459938811592617,0.2535576183755174,0.3041667167203794,0.0013503517832797,0.3334170433863663,0.430752174,PE,4.282363414764404,29.296140670776367,12.81844425201416,0.4877472519874573,11.818113327026367,3.127082586288452,0.5233361047896293,40,0.48691843078846686,52,0.4573832355723383,60,PE,minmax
80,0.0,0.589168037902494,0.2787483736840276,0.3132994053831865,0.0091170992625138,0.3206392497426039,0.430752174,PE,3.343322277069092,11.134953498840332,10.224700927734377,0.3072368502616882,4.559810638427734,3.482786178588867,0.49496608544556314,59,0.4046469703523641,98,0.31892882702578806,99,PE,minmax
81,0.0,1.452478633205426,0.3655114310750331,0.5845857836092785,0.0096696635173413,0.0074293572523009,0.430752174,PE,3.097524404525757,5.941683292388916,32.35721206665039,0.1225487366318702,2.815330266952514,4.039602279663086,0.5535879485680193,14,0.4875701704883044,51,0.4357956433950861,74,PE,minmax
82,0.0,0.3141694461389678,0.2683884997505773,0.5468729848722355,0.0094995349946765,1.9469046088982147,0.430752174,PE,6.982715129852295,24.29825592041016,9.741129875183104,1.0046015977859497,10.981697082519531,5.561423301696777,0.4458197710473412,98,0.47103029904919685,65,0.4902465793932532,39,PE,minmax
83,0.0,1.4092997403952248,0.2511671636648565,0.5999037424059421,0.0015383172314144,0.0005192539265692,0.430752174,PE,3.8230814933776855,30.18534278869629,23.586456298828125,0.3136523962020874,13.271317481994627,2.8922882080078125,0.5647618247120472,7,0.538022695319296,19,0.5162984346136814,29,PE,minmax
84,0.0,1.497798071063683,0.2517128399295826,0.3002539492671655,0.0011798615545076,0.3502131368091361,0.430752174,PE,3.807251453399658,25.608226776123047,20.297687530517575,0.3896439671516418,10.82973861694336,3.327165126800537,0.5406426419996675,21,0.4986497790387576,38,0.4647640352407924,53,PE,minmax
85,0.0,1.2791423473706067,0.3581434853980987,0.5912594288146362,0.0017289422148227,1.8088821899541463,0.430752174,PE,4.197808265686035,20.233428955078125,21.475664138793945,0.4625139236450195,6.173111438751221,5.6056413650512695,0.5099106357463078,55,0.47298464224085585,63,0.44279866078450175,71,PE,minmax
86,0.0,1.497798071063683,0.3633664545578515,0.3028586825857263,0.0010600776061537,1.7773313003243,0.430752174,PE,3.9245078563690186,9.455473899841309,26.61453056335449,0.4729095995426178,6.0220232009887695,5.770477771759033,0.47689228373669834,76,0.4358934214936769,93,0.40350451544131166,88,PE,minmax
87,0.0,1.2801986029525678,0.3643361003421732,0.3004850592356474,0.0010077771235328,1.9443611231011493,0.430752174,PE,4.459514141082764,15.485992431640623,26.36735725402832,0.535584032535553,5.723271369934082,7.375471115112305,0.4687737542847165,82,0.45498696351460277,83,0.4433537947494457,69,PE,minmax
88,0.0,0.3380545415732719,0.252606223803485,0.320474075479508,0.0090506517043814,1.945754073851332,0.430752174,PE,7.434272766113281,24.487350463867188,12.629104614257812,1.1092689037322998,12.285531997680664,5.458685398101807,0.45084030800903324,94,0.4915043666551505,45,0.5233941993499143,22,PE,minmax
89,0.0,0.2730917011240593,0.2502662496669399,0.567433335639625,0.0011138111281016,0.6918227643670268,0.430752174,PE,6.523630142211914,35.104248046875,3.488689661026001,0.7107377648353577,15.186111450195312,2.90834379196167,0.5163044610000856,49,0.5167234551209618,23,0.5170463061414097,28,PE,minmax
90,0.0,1.353489842000957,0.2540582574387169,0.5994727047800086,0.0016817484962688,1.4765703046389873,0.430752174,PE,6.585575580596924,34.96637344360352,15.882699012756348,0.7048720121383667,16.03705406188965,3.8891308307647705,0.5355222753870507,28,0.5671996142728406,9,0.593699447308613,10,PE,minmax
91,0.0,0.2605379315867704,0.3650997517350733,0.3077803868276308,0.0099170718046799,0.6131688545960032,0.430752174,PE,3.304068326950073,4.978667736053467,12.331318855285645,0.379194051027298,2.85920786857605,3.2115297317504883,0.49224835252608184,60,0.40079535439915226,99,0.31402551071164464,100,PE,minmax
92,0.0,1.4092997403952248,0.3682834402095455,0.5977349965139069,0.0010572789890016,0.0007020039293506,0.430752174,PE,3.127718925476074,6.941493511199951,33.29205703735352,0.1396953761577606,3.193802118301392,3.9078354835510254,0.5589986399350791,11,0.4945721207762451,40,0.44473493727709795,67,PE,minmax
93,0.0,1.434745665051307,0.3622386236283015,0.3002957276648469,0.0014112428481977,1.990394097268953,0.430752174,PE,4.314446449279785,15.791386604309082,27.827043533325195,0.4953288435935974,6.027873516082764,6.913209915161133,0.48453126361013593,67,0.46746299193195845,71,0.45353383958486265,62,PE,minmax
94,0.0,0.3831704818668102,0.2503575446615986,0.5677612528814112,0.0019273681303544,0.7456204659240037,0.430752174,PE,6.367354393005371,33.128204345703125,4.522152423858643,0.6342364549636841,15.559304237365724,3.0366053581237797,0.5124089295440349,51,0.5094620313239693,29,0.5071443088966271,31,PE,minmax
95,0.0,0.6237864530182163,0.2527731598050438,0.35484127349281,0.0013715396034968,0.1096467609552329,0.430752174,PE,4.129229545593262,29.715930938720703,20.54122734069824,0.4494606256484985,11.296813011169434,3.09232234954834,0.5611218244181232,9,0.530921432869745,20,0.5069001446765358,32,PE,minmax
96,0.0,1.4805429293104857,0.3634930285032038,0.3002539492671655,0.0097975403384773,0.0011980866565803,0.430752174,PE,3.0589635372161865,5.457125663757324,38.04550552368164,0.1471591144800186,2.2680413722991943,3.745482444763184,0.5689523970102021,5,0.5087904584585048,30,0.46412709580980965,56,PE,minmax
97,0.0,0.263560009247585,0.2715549650149096,0.3039559404019035,0.0098343199821274,1.5785254794116856,0.430752174,PE,6.54115629196167,19.68642807006836,11.291706085205078,0.855051577091217,8.242766380310059,5.062547206878662,0.47647411021676417,77,0.46975639153694426,67,0.4645279499949881,55,PE,minmax
98,0.0,0.2517758067410883,0.2525906435969788,0.5993251775633919,0.0010000245548206,1.9959886679704604,0.430752174,PE,8.094518661499023,39.76593780517578,10.560588836669922,0.7797067761421204,16.71233367919922,4.744166851043701,0.5317222497870359,32,0.5779890585244548,3,0.6136902474125517,5,PE,minmax
99,0.0,1.4997635408996006,0.2517128399295826,0.3002539492671655,0.0011798615545076,0.4748954019790339,0.430752174,PE,3.873466968536377,26.757343292236328,18.970993041992188,0.409001350402832,10.313519477844238,3.2353079319000244,0.5463543158542703,17,0.5030099466206741,35,0.4681401550900866,50,PE,minmax
